Year,Oil rents (% of GDP),Natural Gas rents (% of GDP)
1990,9.61381294,2.722685294
2000,14.49235744,5.513711864
2012,10.33423026,3.728626704
2013,9.132501712,3.490346185
2014,9.197252091,2.692905367
2015,5.950765866,2.803748911
2016,5.165385296,1.874063778
2017,6.4870179,2.548051207
2018,10.07082196,3.692660708
2019,8.660228075,2.855758396
2020,6.059317379,2.293114548
